epoch,train_loss,val_loss,val_acc,hidden_dim,learning_rate,num_epochs,batch_size,n_layers,model,input_dim,timestamp,n_samples
0,1.1018506288528442,1.0982054471969604,0.22,512,0.0005,25,1024,1,simcse,768,1670103015,1000
1,1.0975698232650757,1.0925883054733276,0.6266666666666667,512,0.0005,25,1024,1,simcse,768,1670103015,1000
2,1.0932832956314087,1.0853374004364014,0.6066666666666667,512,0.0005,25,1024,1,simcse,768,1670103015,1000
3,1.0877615213394165,1.0748406648635864,0.6066666666666667,512,0.0005,25,1024,1,simcse,768,1670103015,1000
4,1.0797549486160278,1.0594547986984253,0.6066666666666667,512,0.0005,25,1024,1,simcse,768,1670103015,1000
5,1.0680651664733887,1.0364528894424438,0.6066666666666667,512,0.0005,25,1024,1,simcse,768,1670103015,1000
6,1.0506569147109985,1.004608392715454,0.6066666666666667,512,0.0005,25,1024,1,simcse,768,1670103015,1000
7,1.027076005935669,0.9675350189208984,0.6066666666666667,512,0.0005,25,1024,1,simcse,768,1670103015,1000
8,1.0012840032577515,0.9379253387451172,0.6066666666666667,512,0.0005,25,1024,1,simcse,768,1670103015,1000
9,0.9842719435691833,0.9254961013793945,0.6066666666666667,512,0.0005,25,1024,1,simcse,768,1670103015,1000
10,0.9810126423835754,0.9212149977684021,0.6066666666666667,512,0.0005,25,1024,1,simcse,768,1670103015,1000
11,0.9798368811607361,0.9157007932662964,0.6066666666666667,512,0.0005,25,1024,1,simcse,768,1670103015,1000
12,0.9729310870170593,0.9066082835197449,0.6066666666666667,512,0.0005,25,1024,1,simcse,768,1670103015,1000
13,0.9595355987548828,0.8962990045547485,0.6066666666666667,512,0.0005,25,1024,1,simcse,768,1670103015,1000
14,0.9432452321052551,0.8908289670944214,0.6066666666666667,512,0.0005,25,1024,1,simcse,768,1670103015,1000
15,0.9310299158096313,0.8925841450691223,0.6533333333333333,512,0.0005,25,1024,1,simcse,768,1670103015,1000
16,0.9268836975097656,0.8915551900863647,0.64,512,0.0005,25,1024,1,simcse,768,1670103015,1000
17,0.9231039881706238,0.8804980516433716,0.6533333333333333,512,0.0005,25,1024,1,simcse,768,1670103015,1000
18,0.9123746752738953,0.8650240898132324,0.6666666666666666,512,0.0005,25,1024,1,simcse,768,1670103015,1000
19,0.8992904424667358,0.8532638549804688,0.6733333333333333,512,0.0005,25,1024,1,simcse,768,1670103015,1000
20,0.8908771872520447,0.8462035655975342,0.6733333333333333,512,0.0005,25,1024,1,simcse,768,1670103015,1000
21,0.8860009908676147,0.8403772711753845,0.6733333333333333,512,0.0005,25,1024,1,simcse,768,1670103015,1000
22,0.8805736303329468,0.8333208560943604,0.6866666666666666,512,0.0005,25,1024,1,simcse,768,1670103015,1000
23,0.8731194138526917,0.8246245384216309,0.6866666666666666,512,0.0005,25,1024,1,simcse,768,1670103015,1000
24,0.8629615902900696,0.8153831362724304,0.7133333333333334,512,0.0005,25,1024,1,simcse,768,1670103015,1000
0,1.1013718247413635,1.0948432683944702,0.5,512,0.0005,25,1024,1,simcse,768,1670103057,2000
1,1.0909695029258728,1.0820635557174683,0.5,512,0.0005,25,1024,1,simcse,768,1670103057,2000
2,1.0730187892913818,1.0543631315231323,0.5,512,0.0005,25,1024,1,simcse,768,1670103057,2000
3,1.027260959148407,1.0153326988220215,0.5,512,0.0005,25,1024,1,simcse,768,1670103057,2000
4,0.98625847697258,1.0150927305221558,0.5,512,0.0005,25,1024,1,simcse,768,1670103057,2000
5,0.9771959483623505,1.0117440223693848,0.5,512,0.0005,25,1024,1,simcse,768,1670103057,2000
6,0.9589146971702576,0.9788514375686646,0.5,512,0.0005,25,1024,1,simcse,768,1670103057,2000
7,0.9427320659160614,0.9500187039375305,0.5566666666666666,512,0.0005,25,1024,1,simcse,768,1670103057,2000
8,0.9139350354671478,0.9438367486000061,0.61,512,0.0005,25,1024,1,simcse,768,1670103057,2000
9,0.9085340797901154,0.928396999835968,0.6133333333333333,512,0.0005,25,1024,1,simcse,768,1670103057,2000
10,0.8968680799007416,0.9215800166130066,0.6166666666666667,512,0.0005,25,1024,1,simcse,768,1670103057,2000
11,0.88573357462883,0.9076964259147644,0.6733333333333333,512,0.0005,25,1024,1,simcse,768,1670103057,2000
12,0.8812715113162994,0.882307231426239,0.7133333333333334,512,0.0005,25,1024,1,simcse,768,1670103057,2000
13,0.8596541285514832,0.8643214702606201,0.7,512,0.0005,25,1024,1,simcse,768,1670103057,2000
14,0.8381215035915375,0.838970422744751,0.7133333333333334,512,0.0005,25,1024,1,simcse,768,1670103057,2000
15,0.8139689862728119,0.80582195520401,0.7333333333333333,512,0.0005,25,1024,1,simcse,768,1670103057,2000
16,0.7892199158668518,0.7782431840896606,0.81,512,0.0005,25,1024,1,simcse,768,1670103057,2000
17,0.7637430727481842,0.7583871483802795,0.8133333333333334,512,0.0005,25,1024,1,simcse,768,1670103057,2000
18,0.7400579452514648,0.7379299402236938,0.8266666666666667,512,0.0005,25,1024,1,simcse,768,1670103057,2000
19,0.720811665058136,0.7236145734786987,0.8266666666666667,512,0.0005,25,1024,1,simcse,768,1670103057,2000
20,0.7060726284980774,0.7163292169570923,0.8233333333333334,512,0.0005,25,1024,1,simcse,768,1670103057,2000
21,0.6892262995243073,0.7100750207901001,0.8366666666666667,512,0.0005,25,1024,1,simcse,768,1670103057,2000
22,0.6767730116844177,0.7065345644950867,0.8466666666666667,512,0.0005,25,1024,1,simcse,768,1670103057,2000
23,0.6680087447166443,0.7052078247070312,0.8433333333333334,512,0.0005,25,1024,1,simcse,768,1670103057,2000
24,0.6708049178123474,0.7032938003540039,0.8466666666666667,512,0.0005,25,1024,1,simcse,768,1670103057,2000
0,1.0945818424224854,1.0834629535675049,0.5066666666666667,512,0.0005,25,1024,1,simcse,768,1670103100,3000
1,1.0763506889343262,1.0474872589111328,0.5066666666666667,512,0.0005,25,1024,1,simcse,768,1670103100,3000
2,1.0081806580225627,0.9915986061096191,0.5066666666666667,512,0.0005,25,1024,1,simcse,768,1670103100,3000
3,0.9648058811823527,0.9820178747177124,0.5066666666666667,512,0.0005,25,1024,1,simcse,768,1670103100,3000
4,0.9768748084704081,0.9362450242042542,0.5555555555555556,512,0.0005,25,1024,1,simcse,768,1670103100,3000
5,0.920481542746226,0.9243876338005066,0.7044444444444444,512,0.0005,25,1024,1,simcse,768,1670103100,3000
6,0.9141700665156046,0.89272540807724,0.7422222222222222,512,0.0005,25,1024,1,simcse,768,1670103100,3000
7,0.8831509351730347,0.8494805097579956,0.7466666666666667,512,0.0005,25,1024,1,simcse,768,1670103100,3000
8,0.8339946866035461,0.797184944152832,0.7688888888888888,512,0.0005,25,1024,1,simcse,768,1670103100,3000
9,0.7573516170183817,0.7608353495597839,0.7777777777777778,512,0.0005,25,1024,1,simcse,768,1670103100,3000
10,0.7263991634051005,0.747252881526947,0.7977777777777778,512,0.0005,25,1024,1,simcse,768,1670103100,3000
11,0.7482094963391622,0.7449015378952026,0.7888888888888889,512,0.0005,25,1024,1,simcse,768,1670103100,3000
12,0.6920328338940939,0.7427374720573425,0.8,512,0.0005,25,1024,1,simcse,768,1670103100,3000
13,0.6956600348154703,0.7404901385307312,0.8133333333333334,512,0.0005,25,1024,1,simcse,768,1670103100,3000
14,0.7019323507944742,0.7347273230552673,0.8111111111111111,512,0.0005,25,1024,1,simcse,768,1670103100,3000
15,0.7005769809087118,0.7475545406341553,0.7955555555555556,512,0.0005,25,1024,1,simcse,768,1670103100,3000
16,0.6991471648216248,0.7333856821060181,0.8222222222222222,512,0.0005,25,1024,1,simcse,768,1670103100,3000
17,0.69891756772995,0.7324056625366211,0.82,512,0.0005,25,1024,1,simcse,768,1670103100,3000
18,0.7014632026354471,0.7314743995666504,0.8177777777777778,512,0.0005,25,1024,1,simcse,768,1670103100,3000
19,0.6781715949376425,0.7356666922569275,0.8155555555555556,512,0.0005,25,1024,1,simcse,768,1670103100,3000
20,0.6669523318608602,0.7376767992973328,0.8088888888888889,512,0.0005,25,1024,1,simcse,768,1670103100,3000
21,0.6569897333780924,0.7356913685798645,0.8133333333333334,512,0.0005,25,1024,1,simcse,768,1670103100,3000
22,0.6738722125689188,0.7350037097930908,0.8111111111111111,512,0.0005,25,1024,1,simcse,768,1670103100,3000
23,0.643217921257019,0.7321813106536865,0.8155555555555556,512,0.0005,25,1024,1,simcse,768,1670103100,3000
24,0.6814476450284322,0.7257130146026611,0.8222222222222222,512,0.0005,25,1024,1,simcse,768,1670103100,3000
0,1.097292184829712,1.0869005918502808,0.5116666666666667,512,0.0005,25,1024,1,simcse,768,1670103132,4000
1,1.0779261191685994,1.0471305847167969,0.5116666666666667,512,0.0005,25,1024,1,simcse,768,1670103132,4000
2,1.025543173154195,0.9940811991691589,0.5116666666666667,512,0.0005,25,1024,1,simcse,768,1670103132,4000
3,0.9941133658091227,0.9690678119659424,0.5116666666666667,512,0.0005,25,1024,1,simcse,768,1670103132,4000
4,0.9557314316431681,0.9367294311523438,0.5933333333333334,512,0.0005,25,1024,1,simcse,768,1670103132,4000
5,0.9340388774871826,0.9127420783042908,0.695,512,0.0005,25,1024,1,simcse,768,1670103132,4000
6,0.9067563613255819,0.8879776000976562,0.7216666666666667,512,0.0005,25,1024,1,simcse,768,1670103132,4000
7,0.8739505807558695,0.8387594223022461,0.8066666666666666,512,0.0005,25,1024,1,simcse,768,1670103132,4000
8,0.8202237685521444,0.773918867111206,0.8116666666666666,512,0.0005,25,1024,1,simcse,768,1670103132,4000
9,0.7558509707450867,0.7336129546165466,0.8233333333333334,512,0.0005,25,1024,1,simcse,768,1670103132,4000
10,0.7214464147885641,0.727475643157959,0.8183333333333334,512,0.0005,25,1024,1,simcse,768,1670103132,4000
11,0.7113972504933676,0.71856689453125,0.825,512,0.0005,25,1024,1,simcse,768,1670103132,4000
12,0.7036003470420837,0.7228685021400452,0.8266666666666667,512,0.0005,25,1024,1,simcse,768,1670103132,4000
13,0.6968711813290914,0.721068799495697,0.82,512,0.0005,25,1024,1,simcse,768,1670103132,4000
14,0.6858728329340616,0.7166917324066162,0.8333333333333334,512,0.0005,25,1024,1,simcse,768,1670103132,4000
15,0.6820723215738932,0.7103955149650574,0.835,512,0.0005,25,1024,1,simcse,768,1670103132,4000
16,0.6754915515581766,0.7118890881538391,0.8383333333333334,512,0.0005,25,1024,1,simcse,768,1670103132,4000
17,0.671800951162974,0.7040101289749146,0.85,512,0.0005,25,1024,1,simcse,768,1670103132,4000
18,0.6637774507204691,0.7096999287605286,0.835,512,0.0005,25,1024,1,simcse,768,1670103132,4000
19,0.6606566707293192,0.7078319787979126,0.8416666666666667,512,0.0005,25,1024,1,simcse,768,1670103132,4000
20,0.6553212602933248,0.7080251574516296,0.8433333333333334,512,0.0005,25,1024,1,simcse,768,1670103132,4000
21,0.6540032227834066,0.7095029950141907,0.8433333333333334,512,0.0005,25,1024,1,simcse,768,1670103132,4000
22,0.6531021197636923,0.7075668573379517,0.8433333333333334,512,0.0005,25,1024,1,simcse,768,1670103132,4000
23,0.650460422039032,0.7094477415084839,0.84,512,0.0005,25,1024,1,simcse,768,1670103132,4000
24,0.6462484200795492,0.7052972316741943,0.8433333333333334,512,0.0005,25,1024,1,simcse,768,1670103132,4000
0,1.092551350593567,1.0764660835266113,0.48533333333333334,512,0.0005,25,1024,1,simcse,768,1670103173,5000
1,1.0556586682796478,1.0127747058868408,0.48533333333333334,512,0.0005,25,1024,1,simcse,768,1670103173,5000
2,1.0003505051136017,0.9665824174880981,0.48533333333333334,512,0.0005,25,1024,1,simcse,768,1670103173,5000
3,0.9544037580490112,0.9297593832015991,0.7053333333333334,512,0.0005,25,1024,1,simcse,768,1670103173,5000
4,0.9081854075193405,0.8758215308189392,0.7466666666666667,512,0.0005,25,1024,1,simcse,768,1670103173,5000
5,0.838197335600853,0.7970592975616455,0.796,512,0.0005,25,1024,1,simcse,768,1670103173,5000
6,0.7669587880373001,0.7672332525253296,0.7773333333333333,512,0.0005,25,1024,1,simcse,768,1670103173,5000
7,0.7330512553453445,0.7358106374740601,0.816,512,0.0005,25,1024,1,simcse,768,1670103173,5000
8,0.7139111161231995,0.7410797476768494,0.804,512,0.0005,25,1024,1,simcse,768,1670103173,5000
9,0.6991851776838303,0.7177075743675232,0.828,512,0.0005,25,1024,1,simcse,768,1670103173,5000
10,0.6889372766017914,0.7248865365982056,0.8253333333333334,512,0.0005,25,1024,1,simcse,768,1670103173,5000
11,0.6827705502510071,0.7169674634933472,0.832,512,0.0005,25,1024,1,simcse,768,1670103173,5000
12,0.6768481284379959,0.7128173112869263,0.832,512,0.0005,25,1024,1,simcse,768,1670103173,5000
13,0.6709600389003754,0.7232071161270142,0.8186666666666667,512,0.0005,25,1024,1,simcse,768,1670103173,5000
14,0.6673728674650192,0.7110427021980286,0.8386666666666667,512,0.0005,25,1024,1,simcse,768,1670103173,5000
15,0.6701181530952454,0.7207525968551636,0.8226666666666667,512,0.0005,25,1024,1,simcse,768,1670103173,5000
16,0.6604723185300827,0.7097198367118835,0.8373333333333334,512,0.0005,25,1024,1,simcse,768,1670103173,5000
17,0.6573188900947571,0.7094501852989197,0.836,512,0.0005,25,1024,1,simcse,768,1670103173,5000
18,0.6528620570898056,0.7140688300132751,0.8306666666666667,512,0.0005,25,1024,1,simcse,768,1670103173,5000
19,0.6466417610645294,0.7033243775367737,0.8466666666666667,512,0.0005,25,1024,1,simcse,768,1670103173,5000
20,0.6424451023340225,0.7099866271018982,0.8346666666666667,512,0.0005,25,1024,1,simcse,768,1670103173,5000
21,0.6436016410589218,0.7017710208892822,0.844,512,0.0005,25,1024,1,simcse,768,1670103173,5000
22,0.6382705867290497,0.7029367089271545,0.8453333333333334,512,0.0005,25,1024,1,simcse,768,1670103173,5000
23,0.6334375292062759,0.7044840455055237,0.8413333333333334,512,0.0005,25,1024,1,simcse,768,1670103173,5000
24,0.6350614279508591,0.7044684290885925,0.8426666666666667,512,0.0005,25,1024,1,simcse,768,1670103173,5000
0,1.0921525001525878,1.071083903312683,0.49,512,0.0005,25,1024,1,simcse,768,1670103217,6000
1,1.0335429906845093,0.9894459247589111,0.49,512,0.0005,25,1024,1,simcse,768,1670103217,6000
2,0.9737648844718934,0.9239834547042847,0.6633333333333333,512,0.0005,25,1024,1,simcse,768,1670103217,6000
3,0.9045136928558349,0.8375505208969116,0.7266666666666667,512,0.0005,25,1024,1,simcse,768,1670103217,6000
4,0.811708128452301,0.7546895146369934,0.7988888888888889,512,0.0005,25,1024,1,simcse,768,1670103217,6000
5,0.7456119418144226,0.7414328455924988,0.8066666666666666,512,0.0005,25,1024,1,simcse,768,1670103217,6000
6,0.723339068889618,0.732329249382019,0.8188888888888889,512,0.0005,25,1024,1,simcse,768,1670103217,6000
7,0.7132735848426819,0.7298154830932617,0.8122222222222222,512,0.0005,25,1024,1,simcse,768,1670103217,6000
8,0.7081966042518616,0.7262195944786072,0.8222222222222222,512,0.0005,25,1024,1,simcse,768,1670103217,6000
9,0.6985029101371765,0.7223659157752991,0.8266666666666667,512,0.0005,25,1024,1,simcse,768,1670103217,6000
10,0.685744309425354,0.7159982919692993,0.8333333333333334,512,0.0005,25,1024,1,simcse,768,1670103217,6000
11,0.6928393363952636,0.7098612189292908,0.8422222222222222,512,0.0005,25,1024,1,simcse,768,1670103217,6000
12,0.6805546998977661,0.7076018452644348,0.8411111111111111,512,0.0005,25,1024,1,simcse,768,1670103217,6000
13,0.6754059433937073,0.7046681046485901,0.8444444444444444,512,0.0005,25,1024,1,simcse,768,1670103217,6000
14,0.673047149181366,0.7028834223747253,0.8488888888888889,512,0.0005,25,1024,1,simcse,768,1670103217,6000
15,0.6662012934684753,0.7034615874290466,0.8433333333333334,512,0.0005,25,1024,1,simcse,768,1670103217,6000
16,0.656865119934082,0.7022253274917603,0.8466666666666667,512,0.0005,25,1024,1,simcse,768,1670103217,6000
17,0.6667670369148254,0.703372597694397,0.8433333333333334,512,0.0005,25,1024,1,simcse,768,1670103217,6000
18,0.6599076986312866,0.7009395956993103,0.85,512,0.0005,25,1024,1,simcse,768,1670103217,6000
19,0.6557122945785523,0.7008581757545471,0.8455555555555555,512,0.0005,25,1024,1,simcse,768,1670103217,6000
20,0.662692391872406,0.7023476958274841,0.8477777777777777,512,0.0005,25,1024,1,simcse,768,1670103217,6000
21,0.6470552086830139,0.7003611326217651,0.8488888888888889,512,0.0005,25,1024,1,simcse,768,1670103217,6000
22,0.6448399543762207,0.6972810626029968,0.8488888888888889,512,0.0005,25,1024,1,simcse,768,1670103217,6000
23,0.6527806758880615,0.6992281079292297,0.8477777777777777,512,0.0005,25,1024,1,simcse,768,1670103217,6000
24,0.6454993724822998,0.6989659070968628,0.8455555555555555,512,0.0005,25,1024,1,simcse,768,1670103217,6000
0,1.0905561923980713,1.0568647980690002,0.5593449519230769,512,0.0005,25,1024,1,simcse,768,1670103329,7000
1,1.0396179914474488,0.9332303702831268,0.5593449519230769,512,0.0005,25,1024,1,simcse,768,1670103329,7000
2,0.9695121288299561,0.8805643618106842,0.7300180288461539,512,0.0005,25,1024,1,simcse,768,1670103329,7000
3,0.9086968183517456,0.8091105818748474,0.7483849158653846,512,0.0005,25,1024,1,simcse,768,1670103329,7000
4,0.8080000042915344,0.7185080945491791,0.8334209735576923,512,0.0005,25,1024,1,simcse,768,1670103329,7000
5,0.7394787907600403,0.692618191242218,0.8565579927884616,512,0.0005,25,1024,1,simcse,768,1670103329,7000
6,0.7185330748558044,0.6907272040843964,0.8624173677884616,512,0.0005,25,1024,1,simcse,768,1670103329,7000
7,0.7063635587692261,0.6953123509883881,0.8431865985576923,512,0.0005,25,1024,1,simcse,768,1670103329,7000
8,0.6984005689620971,0.6912886500358582,0.8663236177884616,512,0.0005,25,1024,1,simcse,768,1670103329,7000
9,0.6926775813102722,0.672368735074997,0.8721829927884616,512,0.0005,25,1024,1,simcse,768,1670103329,7000
10,0.6865613341331482,0.655004620552063,0.8948317307692308,512,0.0005,25,1024,1,simcse,768,1670103329,7000
11,0.678184700012207,0.6742078363895416,0.8707181490384616,512,0.0005,25,1024,1,simcse,768,1670103329,7000
12,0.6736728310585022,0.6482730209827423,0.8987379807692308,512,0.0005,25,1024,1,simcse,768,1670103329,7000
13,0.6671874642372131,0.645330160856247,0.916015625,512,0.0005,25,1024,1,simcse,768,1670103329,7000
14,0.6646915197372436,0.6378762722015381,0.9140625,512,0.0005,25,1024,1,simcse,768,1670103329,7000
15,0.6579768538475037,0.6342973709106445,0.9189453125,512,0.0005,25,1024,1,simcse,768,1670103329,7000
16,0.6535304188728333,0.6385930180549622,0.9189453125,512,0.0005,25,1024,1,simcse,768,1670103329,7000
17,0.6502332568168641,0.643356591463089,0.9002028245192308,512,0.0005,25,1024,1,simcse,768,1670103329,7000
18,0.648147189617157,0.6402191519737244,0.9006911057692308,512,0.0005,25,1024,1,simcse,768,1670103329,7000
19,0.6464057922363281,0.639017790555954,0.91943359375,512,0.0005,25,1024,1,simcse,768,1670103329,7000
20,0.6449197411537171,0.6371085047721863,0.9189453125,512,0.0005,25,1024,1,simcse,768,1670103329,7000
21,0.6428247928619385,0.6301096379756927,0.92138671875,512,0.0005,25,1024,1,simcse,768,1670103329,7000
22,0.639684534072876,0.6291854679584503,0.9228515625,512,0.0005,25,1024,1,simcse,768,1670103329,7000
23,0.6373711585998535,0.6305902302265167,0.9228515625,512,0.0005,25,1024,1,simcse,768,1670103329,7000
24,0.6353321313858032,0.6329230070114136,0.92236328125,512,0.0005,25,1024,1,simcse,768,1670103329,7000
0,1.0875084002812703,1.0528056621551514,0.49365234375,512,0.0005,25,1024,1,simcse,768,1670103374,8000
1,1.0185865859190624,0.9568603932857513,0.5764825994318181,512,0.0005,25,1024,1,simcse,768,1670103374,8000
2,0.9228945374488831,0.8601507544517517,0.7205255681818181,512,0.0005,25,1024,1,simcse,768,1670103374,8000
3,0.7934082845846812,0.7579280734062195,0.7821377840909092,512,0.0005,25,1024,1,simcse,768,1670103374,8000
4,0.7379652063051859,0.7392089664936066,0.8074840198863636,512,0.0005,25,1024,1,simcse,768,1670103374,8000
5,0.7194687724113464,0.7091984450817108,0.8414417613636364,512,0.0005,25,1024,1,simcse,768,1670103374,8000
6,0.7007687389850616,0.7211914658546448,0.8252840909090908,512,0.0005,25,1024,1,simcse,768,1670103374,8000
7,0.6901967028776804,0.7084679305553436,0.8330078125,512,0.0005,25,1024,1,simcse,768,1670103374,8000
8,0.6833135286966959,0.7012557685375214,0.8420188210227273,512,0.0005,25,1024,1,simcse,768,1670103374,8000
9,0.6730848650137583,0.7038460075855255,0.8411310369318181,512,0.0005,25,1024,1,simcse,768,1670103374,8000
10,0.668575515349706,0.6987054347991943,0.8483664772727273,512,0.0005,25,1024,1,simcse,768,1670103374,8000
11,0.662567804257075,0.6932574510574341,0.8568892045454546,512,0.0005,25,1024,1,simcse,768,1670103374,8000
12,0.657479057709376,0.6915818750858307,0.8597301136363636,512,0.0005,25,1024,1,simcse,768,1670103374,8000
13,0.6579919656117758,0.6921600997447968,0.8560014204545454,512,0.0005,25,1024,1,simcse,768,1670103374,8000
14,0.6541176835695902,0.6913707554340363,0.8574662642045454,512,0.0005,25,1024,1,simcse,768,1670103374,8000
15,0.6493330697218577,0.6911558210849762,0.8574662642045454,512,0.0005,25,1024,1,simcse,768,1670103374,8000
16,0.6469870011011759,0.688394695520401,0.8617720170454546,512,0.0005,25,1024,1,simcse,768,1670103374,8000
17,0.645779033501943,0.6892234683036804,0.8574662642045454,512,0.0005,25,1024,1,simcse,768,1670103374,8000
18,0.643541951974233,0.688551664352417,0.8569779829545454,512,0.0005,25,1024,1,simcse,768,1670103374,8000
19,0.6424555977185568,0.686531126499176,0.8664772727272727,512,0.0005,25,1024,1,simcse,768,1670103374,8000
20,0.641015887260437,0.6904062628746033,0.8564897017045454,512,0.0005,25,1024,1,simcse,768,1670103374,8000
21,0.6392802596092224,0.6893385946750641,0.8588423295454546,512,0.0005,25,1024,1,simcse,768,1670103374,8000
22,0.6371370057264963,0.6911750733852386,0.8603071732954546,512,0.0005,25,1024,1,simcse,768,1670103374,8000
23,0.6336244642734528,0.6897810399532318,0.8584428267045454,512,0.0005,25,1024,1,simcse,768,1670103374,8000
24,0.6339620451132456,0.6872184574604034,0.8650124289772727,512,0.0005,25,1024,1,simcse,768,1670103374,8000
0,1.0823101486478532,1.0443379878997803,0.4716167800996932,512,0.0005,25,1024,1,simcse,768,1670103425,9000
1,0.9997305955205645,0.9486172497272491,0.611373058857362,512,0.0005,25,1024,1,simcse,768,1670103425,9000
2,0.900438266141074,0.8025974035263062,0.7716191765720859,512,0.0005,25,1024,1,simcse,768,1670103425,9000
3,0.7662527901785714,0.7431938052177429,0.8032765768788344,512,0.0005,25,1024,1,simcse,768,1670103425,9000
4,0.7268291115760803,0.7234804034233093,0.823847296779141,512,0.0005,25,1024,1,simcse,768,1670103425,9000
5,0.708572941167014,0.7158109545707703,0.828730109279141,512,0.0005,25,1024,1,simcse,768,1670103425,9000
6,0.6989286712237767,0.7318962514400482,0.8276157496165644,512,0.0005,25,1024,1,simcse,768,1670103425,9000
7,0.6968182921409607,0.7357945144176483,0.8094864359662577,512,0.0005,25,1024,1,simcse,768,1670103425,9000
8,0.7038795948028564,0.7069169580936432,0.8408622507668712,512,0.0005,25,1024,1,simcse,768,1670103425,9000
9,0.6861957737377712,0.7055980563163757,0.8438608368481595,512,0.0005,25,1024,1,simcse,768,1670103425,9000
10,0.6798338549477714,0.7017689049243927,0.8438608368481595,512,0.0005,25,1024,1,simcse,768,1670103425,9000
11,0.6751482912472316,0.7042450904846191,0.8426775786042945,512,0.0005,25,1024,1,simcse,768,1670103425,9000
12,0.6662423270089286,0.6962313652038574,0.8542525402607362,512,0.0005,25,1024,1,simcse,768,1670103425,9000
13,0.6631967765944344,0.6951402425765991,0.8504900786042945,512,0.0005,25,1024,1,simcse,768,1670103425,9000
14,0.6625494701521737,0.6974080801010132,0.8488874376917178,512,0.0005,25,1024,1,simcse,768,1670103425,9000
15,0.6615448849541801,0.690129429101944,0.8621339388420246,512,0.0005,25,1024,1,simcse,768,1670103425,9000
16,0.660382057939257,0.6908530592918396,0.8539769459355828,512,0.0005,25,1024,1,simcse,768,1670103425,9000
17,0.6483427200998578,0.6923396587371826,0.8585781729294479,512,0.0005,25,1024,1,simcse,768,1670103425,9000
18,0.6482658897127423,0.6886837482452393,0.8555106882668712,512,0.0005,25,1024,1,simcse,768,1670103425,9000
19,0.6450262154851641,0.6884769797325134,0.8595547354294479,512,0.0005,25,1024,1,simcse,768,1670103425,9000
20,0.6375969222613743,0.686340719461441,0.8635987825920246,512,0.0005,25,1024,1,simcse,768,1670103425,9000
21,0.6388361964906965,0.6867286562919617,0.8615078604294479,512,0.0005,25,1024,1,simcse,768,1670103425,9000
22,0.6352651630129132,0.6820890605449677,0.8670167513420246,512,0.0005,25,1024,1,simcse,768,1670103425,9000
23,0.6375017591885158,0.6820447742938995,0.8651325249233128,512,0.0005,25,1024,1,simcse,768,1670103425,9000
24,0.6371129666055951,0.6832487881183624,0.8656208061733128,512,0.0005,25,1024,1,simcse,768,1670103425,9000
0,1.0855082614081246,1.050958275794983,0.44288750656512604,512,0.0005,25,1024,1,simcse,768,1670103482,10000
1,1.0055295399257116,0.954763799905777,0.6190872833508403,512,0.0005,25,1024,1,simcse,768,1670103482,10000
2,0.8976186513900757,0.8054843842983246,0.7863215598739496,512,0.0005,25,1024,1,simcse,768,1670103482,10000
3,0.7630933523178101,0.7303919494152069,0.8174074317226891,512,0.0005,25,1024,1,simcse,768,1670103482,10000
4,0.7203302894319806,0.7193579077720642,0.8254866399684874,512,0.0005,25,1024,1,simcse,768,1670103482,10000
5,0.7057598062923977,0.7109171450138092,0.8361098345588236,512,0.0005,25,1024,1,simcse,768,1670103482,10000
6,0.697363589491163,0.7169798612594604,0.8322035845588236,512,0.0005,25,1024,1,simcse,768,1670103482,10000
7,0.6874311396053859,0.7029542028903961,0.8442177652310925,512,0.0005,25,1024,1,simcse,768,1670103482,10000
8,0.6806562202317374,0.7050898969173431,0.844070049894958,512,0.0005,25,1024,1,simcse,768,1670103482,10000
9,0.6733555538313729,0.7037936449050903,0.8446321888130253,512,0.0005,25,1024,1,simcse,768,1670103482,10000
10,0.6683877621378217,0.7041723430156708,0.843581768644958,512,0.0005,25,1024,1,simcse,768,1670103482,10000
11,0.6643290434564862,0.7059803307056427,0.8446321888130253,512,0.0005,25,1024,1,simcse,768,1670103482,10000
12,0.6624875238963536,0.6994950771331787,0.8462447478991597,512,0.0005,25,1024,1,simcse,768,1670103482,10000
13,0.6576126558440072,0.6964892745018005,0.8534499737394958,512,0.0005,25,1024,1,simcse,768,1670103482,10000
14,0.6530528664588928,0.6995728611946106,0.846023174894958,512,0.0005,25,1024,1,simcse,768,1670103482,10000
15,0.649470431464059,0.6973032057285309,0.8515419839810925,512,0.0005,25,1024,1,simcse,768,1670103482,10000
16,0.647437070097242,0.6982530355453491,0.8485384388130253,512,0.0005,25,1024,1,simcse,768,1670103482,10000
17,0.6449401804379055,0.6972203254699707,0.848952862394958,512,0.0005,25,1024,1,simcse,768,1670103482,10000
18,0.6432341507502964,0.6962121427059174,0.8530068277310925,512,0.0005,25,1024,1,simcse,768,1670103482,10000
19,0.6422826562608991,0.6995688676834106,0.8485384388130253,512,0.0005,25,1024,1,simcse,768,1670103482,10000
20,0.6404750006539481,0.6985754668712616,0.847488018644958,512,0.0005,25,1024,1,simcse,768,1670103482,10000
21,0.637840279511043,0.6980368494987488,0.8478285845588236,512,0.0005,25,1024,1,simcse,768,1670103482,10000
22,0.6372216429029193,0.6959759593009949,0.8514681263130253,512,0.0005,25,1024,1,simcse,768,1670103482,10000
23,0.6360849823270526,0.6965526938438416,0.8504915638130253,512,0.0005,25,1024,1,simcse,768,1670103482,10000
24,0.6354061450277056,0.6955588459968567,0.8520302652310925,512,0.0005,25,1024,1,simcse,768,1670103482,10000
0,1.0982823371887207,1.0909523963928223,0.5644444444444444,512,0.0005,25,1024,1,simcse,768,1670103682,1500
1,1.0909321308135986,1.0768909454345703,0.5644444444444444,512,0.0005,25,1024,1,simcse,768,1670103682,1500
2,1.0853381752967834,1.0492563247680664,0.5644444444444444,512,0.0005,25,1024,1,simcse,768,1670103682,1500
3,1.0290495157241821,1.0023678541183472,0.5644444444444444,512,0.0005,25,1024,1,simcse,768,1670103682,1500
4,1.0275694131851196,0.9651859402656555,0.5644444444444444,512,0.0005,25,1024,1,simcse,768,1670103682,1500
5,1.005408763885498,0.9571231007575989,0.5644444444444444,512,0.0005,25,1024,1,simcse,768,1670103682,1500
6,0.9913022220134735,0.9431596994400024,0.5644444444444444,512,0.0005,25,1024,1,simcse,768,1670103682,1500
7,0.8987759053707123,0.9263380169868469,0.5644444444444444,512,0.0005,25,1024,1,simcse,768,1670103682,1500
8,0.9767709970474243,0.9135898947715759,0.5644444444444444,512,0.0005,25,1024,1,simcse,768,1670103682,1500
9,0.9593155086040497,0.9036715626716614,0.5644444444444444,512,0.0005,25,1024,1,simcse,768,1670103682,1500
10,0.9670644402503967,0.8918132781982422,0.6488888888888888,512,0.0005,25,1024,1,simcse,768,1670103682,1500
11,0.8893901407718658,0.881030797958374,0.6533333333333333,512,0.0005,25,1024,1,simcse,768,1670103682,1500
12,0.8707355558872223,0.8771353960037231,0.6755555555555556,512,0.0005,25,1024,1,simcse,768,1670103682,1500
13,0.8756828308105469,0.8653479814529419,0.7422222222222222,512,0.0005,25,1024,1,simcse,768,1670103682,1500
14,0.8524214029312134,0.8526967167854309,0.7422222222222222,512,0.0005,25,1024,1,simcse,768,1670103682,1500
15,0.8609393835067749,0.8370046019554138,0.7288888888888889,512,0.0005,25,1024,1,simcse,768,1670103682,1500
16,0.8360031247138977,0.8202727437019348,0.7466666666666667,512,0.0005,25,1024,1,simcse,768,1670103682,1500
17,0.8353655338287354,0.7970303297042847,0.7955555555555556,512,0.0005,25,1024,1,simcse,768,1670103682,1500
18,0.7769507467746735,0.8030710220336914,0.7555555555555555,512,0.0005,25,1024,1,simcse,768,1670103682,1500
19,0.7757228910923004,0.7907589673995972,0.7644444444444445,512,0.0005,25,1024,1,simcse,768,1670103682,1500
20,0.7539518475532532,0.7724913954734802,0.7777777777777778,512,0.0005,25,1024,1,simcse,768,1670103682,1500
21,0.7583316266536713,0.7634689211845398,0.7911111111111111,512,0.0005,25,1024,1,simcse,768,1670103682,1500
22,0.70123490691185,0.7608899474143982,0.7955555555555556,512,0.0005,25,1024,1,simcse,768,1670103682,1500
23,0.7158142030239105,0.7769659161567688,0.7688888888888888,512,0.0005,25,1024,1,simcse,768,1670103682,1500
24,0.7285370528697968,0.7951672077178955,0.7466666666666667,512,0.0005,25,1024,1,simcse,768,1670103682,1500
0,1.0983974933624268,1.0907447338104248,0.6533333333333333,512,0.0005,25,1024,1,simcse,768,1670103703,2500
1,1.090091049671173,1.0772641897201538,0.56,512,0.0005,25,1024,1,simcse,768,1670103703,2500
2,1.0753243565559387,1.0481584072113037,0.56,512,0.0005,25,1024,1,simcse,768,1670103703,2500
3,1.0466604828834534,0.9938229918479919,0.56,512,0.0005,25,1024,1,simcse,768,1670103703,2500
4,1.0017800629138947,0.9566559791564941,0.56,512,0.0005,25,1024,1,simcse,768,1670103703,2500
5,0.983224630355835,0.9391195178031921,0.56,512,0.0005,25,1024,1,simcse,768,1670103703,2500
6,0.9639081358909607,0.9101384282112122,0.5706666666666667,512,0.0005,25,1024,1,simcse,768,1670103703,2500
7,0.935842365026474,0.9065388441085815,0.6666666666666666,512,0.0005,25,1024,1,simcse,768,1670103703,2500
8,0.9227277338504791,0.8797024488449097,0.7386666666666667,512,0.0005,25,1024,1,simcse,768,1670103703,2500
9,0.894461989402771,0.8570432066917419,0.744,512,0.0005,25,1024,1,simcse,768,1670103703,2500
10,0.8738806545734406,0.8257648348808289,0.7653333333333333,512,0.0005,25,1024,1,simcse,768,1670103703,2500
11,0.8399342000484467,0.8014495372772217,0.7706666666666667,512,0.0005,25,1024,1,simcse,768,1670103703,2500
12,0.8091874718666077,0.7685979604721069,0.808,512,0.0005,25,1024,1,simcse,768,1670103703,2500
13,0.7729035019874573,0.749363124370575,0.7973333333333333,512,0.0005,25,1024,1,simcse,768,1670103703,2500
14,0.7453405559062958,0.7425515055656433,0.7946666666666666,512,0.0005,25,1024,1,simcse,768,1670103703,2500
15,0.7277994751930237,0.7375554442405701,0.8026666666666666,512,0.0005,25,1024,1,simcse,768,1670103703,2500
16,0.7154645621776581,0.7264843583106995,0.816,512,0.0005,25,1024,1,simcse,768,1670103703,2500
17,0.7078787982463837,0.7217990159988403,0.824,512,0.0005,25,1024,1,simcse,768,1670103703,2500
18,0.6984841227531433,0.7240923643112183,0.8106666666666666,512,0.0005,25,1024,1,simcse,768,1670103703,2500
19,0.6951793134212494,0.7219774723052979,0.8213333333333334,512,0.0005,25,1024,1,simcse,768,1670103703,2500
20,0.6812806129455566,0.7087090611457825,0.832,512,0.0005,25,1024,1,simcse,768,1670103703,2500
21,0.675391286611557,0.7099835872650146,0.832,512,0.0005,25,1024,1,simcse,768,1670103703,2500
22,0.6709602773189545,0.7140411138534546,0.8293333333333334,512,0.0005,25,1024,1,simcse,768,1670103703,2500
23,0.6669248044490814,0.7057691812515259,0.84,512,0.0005,25,1024,1,simcse,768,1670103703,2500
24,0.6604627668857574,0.7027405500411987,0.8346666666666667,512,0.0005,25,1024,1,simcse,768,1670103703,2500
0,1.097212553024292,1.0839955806732178,0.5523809523809524,512,0.0005,25,1024,1,simcse,768,1670103728,3500
1,1.0770076115926106,1.0376453399658203,0.5523809523809524,512,0.0005,25,1024,1,simcse,768,1670103728,3500
2,1.0266101757685344,0.9665438532829285,0.5523809523809524,512,0.0005,25,1024,1,simcse,768,1670103728,3500
3,0.990824560324351,0.9436133503913879,0.5523809523809524,512,0.0005,25,1024,1,simcse,768,1670103728,3500
4,0.961405615011851,0.9161151051521301,0.5523809523809524,512,0.0005,25,1024,1,simcse,768,1670103728,3500
5,0.9368483225504557,0.8981469869613647,0.6838095238095238,512,0.0005,25,1024,1,simcse,768,1670103728,3500
6,0.9160487254460653,0.8791824579238892,0.7066666666666667,512,0.0005,25,1024,1,simcse,768,1670103728,3500
7,0.8964763879776001,0.8545007109642029,0.76,512,0.0005,25,1024,1,simcse,768,1670103728,3500
8,0.8692825635274252,0.8198086023330688,0.8304761904761905,512,0.0005,25,1024,1,simcse,768,1670103728,3500
9,0.8314639329910278,0.7633683085441589,0.819047619047619,512,0.0005,25,1024,1,simcse,768,1670103728,3500
10,0.76729416847229,0.7242043018341064,0.8228571428571428,512,0.0005,25,1024,1,simcse,768,1670103728,3500
11,0.7240867217381796,0.708884596824646,0.8438095238095238,512,0.0005,25,1024,1,simcse,768,1670103728,3500
12,0.7073086102803549,0.7035415172576904,0.8457142857142858,512,0.0005,25,1024,1,simcse,768,1670103728,3500
13,0.6946016748746237,0.7038558721542358,0.8419047619047619,512,0.0005,25,1024,1,simcse,768,1670103728,3500
14,0.6902923186620077,0.6976696848869324,0.8476190476190476,512,0.0005,25,1024,1,simcse,768,1670103728,3500
15,0.6792435050010681,0.6939479112625122,0.8533333333333334,512,0.0005,25,1024,1,simcse,768,1670103728,3500
16,0.6687238613764445,0.6939324140548706,0.8571428571428571,512,0.0005,25,1024,1,simcse,768,1670103728,3500
17,0.6696494619051615,0.7012860774993896,0.8495238095238096,512,0.0005,25,1024,1,simcse,768,1670103728,3500
18,0.6652399698893229,0.6892596483230591,0.8628571428571429,512,0.0005,25,1024,1,simcse,768,1670103728,3500
19,0.6584867040316263,0.6931313872337341,0.8571428571428571,512,0.0005,25,1024,1,simcse,768,1670103728,3500
20,0.6491259336471558,0.6955549716949463,0.8571428571428571,512,0.0005,25,1024,1,simcse,768,1670103728,3500
21,0.654046098391215,0.6947531700134277,0.8533333333333334,512,0.0005,25,1024,1,simcse,768,1670103728,3500
22,0.6532448331514994,0.6905252933502197,0.8590476190476191,512,0.0005,25,1024,1,simcse,768,1670103728,3500
23,0.6483318010965983,0.6871800422668457,0.8628571428571429,512,0.0005,25,1024,1,simcse,768,1670103728,3500
24,0.6423263748486837,0.6877580881118774,0.8628571428571429,512,0.0005,25,1024,1,simcse,768,1670103728,3500
0,1.0914112031459808,1.0746742486953735,0.5155555555555555,512,0.0005,25,1024,1,simcse,768,1670103759,4500
1,1.0510966181755066,1.001384973526001,0.5155555555555555,512,0.0005,25,1024,1,simcse,768,1670103759,4500
2,0.9823659211397171,0.9552093148231506,0.5155555555555555,512,0.0005,25,1024,1,simcse,768,1670103759,4500
3,0.954367384314537,0.9284655451774597,0.7051851851851851,512,0.0005,25,1024,1,simcse,768,1670103759,4500
4,0.9104809165000916,0.8746389150619507,0.7496296296296296,512,0.0005,25,1024,1,simcse,768,1670103759,4500
5,0.856600433588028,0.8095420002937317,0.7792592592592592,512,0.0005,25,1024,1,simcse,768,1670103759,4500
6,0.77822245657444,0.7504997849464417,0.7925925925925926,512,0.0005,25,1024,1,simcse,768,1670103759,4500
7,0.7328070104122162,0.735569417476654,0.8044444444444444,512,0.0005,25,1024,1,simcse,768,1670103759,4500
8,0.7298794835805893,0.7224907279014587,0.8311111111111111,512,0.0005,25,1024,1,simcse,768,1670103759,4500
9,0.7111304551362991,0.7271965146064758,0.8251851851851851,512,0.0005,25,1024,1,simcse,768,1670103759,4500
10,0.7312988191843033,0.7148381471633911,0.8296296296296296,512,0.0005,25,1024,1,simcse,768,1670103759,4500
11,0.7105872184038162,0.7167168259620667,0.8311111111111111,512,0.0005,25,1024,1,simcse,768,1670103759,4500
12,0.6994684636592865,0.7056896090507507,0.8385185185185186,512,0.0005,25,1024,1,simcse,768,1670103759,4500
13,0.6937927752733231,0.7117524147033691,0.8385185185185186,512,0.0005,25,1024,1,simcse,768,1670103759,4500
14,0.6974995881319046,0.7076849341392517,0.8429629629629629,512,0.0005,25,1024,1,simcse,768,1670103759,4500
15,0.6964134871959686,0.708251416683197,0.8340740740740741,512,0.0005,25,1024,1,simcse,768,1670103759,4500
16,0.7053402364253998,0.7157317996025085,0.8296296296296296,512,0.0005,25,1024,1,simcse,768,1670103759,4500
17,0.688291385769844,0.7083645462989807,0.8355555555555556,512,0.0005,25,1024,1,simcse,768,1670103759,4500
18,0.6735818982124329,0.7073745727539062,0.84,512,0.0005,25,1024,1,simcse,768,1670103759,4500
19,0.6689692288637161,0.7058036923408508,0.837037037037037,512,0.0005,25,1024,1,simcse,768,1670103759,4500
20,0.6607822924852371,0.7043836712837219,0.8429629629629629,512,0.0005,25,1024,1,simcse,768,1670103759,4500
21,0.6646664440631866,0.7051714062690735,0.845925925925926,512,0.0005,25,1024,1,simcse,768,1670103759,4500
22,0.6665353327989578,0.7096500396728516,0.84,512,0.0005,25,1024,1,simcse,768,1670103759,4500
23,0.6627694666385651,0.6972715854644775,0.8488888888888889,512,0.0005,25,1024,1,simcse,768,1670103759,4500
24,0.6737552434206009,0.695581316947937,0.8503703703703703,512,0.0005,25,1024,1,simcse,768,1670103759,4500
0,1.0941890478134155,1.0775116682052612,0.4891041162227603,512,0.0005,25,1024,1,simcse,768,1670103792,5500
1,1.0557926297187805,1.0115482807159424,0.4891041162227603,512,0.0005,25,1024,1,simcse,768,1670103792,5500
2,0.9994089007377625,0.9658675193786621,0.4891041162227603,512,0.0005,25,1024,1,simcse,768,1670103792,5500
3,0.9492997378110886,0.9177390336990356,0.7167070217917676,512,0.0005,25,1024,1,simcse,768,1670103792,5500
4,0.8965302556753159,0.8482770323753357,0.7481840193704601,512,0.0005,25,1024,1,simcse,768,1670103792,5500
5,0.8158873319625854,0.7652701139450073,0.7917675544794189,512,0.0005,25,1024,1,simcse,768,1670103792,5500
6,0.7486430406570435,0.7452185153961182,0.7978208232445521,512,0.0005,25,1024,1,simcse,768,1670103792,5500
7,0.7290537357330322,0.72916179895401,0.8220338983050848,512,0.0005,25,1024,1,simcse,768,1670103792,5500
8,0.7173649072647095,0.7257481217384338,0.8159806295399515,512,0.0005,25,1024,1,simcse,768,1670103792,5500
9,0.7006666660308838,0.7271444797515869,0.8268765133171913,512,0.0005,25,1024,1,simcse,768,1670103792,5500
10,0.6925781220197678,0.7186636328697205,0.8317191283292978,512,0.0005,25,1024,1,simcse,768,1670103792,5500
11,0.6858650296926498,0.7359548807144165,0.8050847457627118,512,0.0005,25,1024,1,simcse,768,1670103792,5500
12,0.6835827976465225,0.7163817286491394,0.8329297820823245,512,0.0005,25,1024,1,simcse,768,1670103792,5500
13,0.6724449098110199,0.7302630543708801,0.8159806295399515,512,0.0005,25,1024,1,simcse,768,1670103792,5500
14,0.6737151890993118,0.7172310948371887,0.8317191283292978,512,0.0005,25,1024,1,simcse,768,1670103792,5500
15,0.6645593345165253,0.7257776856422424,0.8208232445520581,512,0.0005,25,1024,1,simcse,768,1670103792,5500
16,0.6606126427650452,0.7122355699539185,0.8305084745762712,512,0.0005,25,1024,1,simcse,768,1670103792,5500
17,0.6559421420097351,0.7146486639976501,0.8317191283292978,512,0.0005,25,1024,1,simcse,768,1670103792,5500
18,0.6514361649751663,0.7114897966384888,0.8365617433414043,512,0.0005,25,1024,1,simcse,768,1670103792,5500
19,0.6479049026966095,0.7078019976615906,0.8426150121065376,512,0.0005,25,1024,1,simcse,768,1670103792,5500
20,0.6442521810531616,0.7091467976570129,0.8389830508474576,512,0.0005,25,1024,1,simcse,768,1670103792,5500
21,0.6424593478441238,0.7064772248268127,0.8426150121065376,512,0.0005,25,1024,1,simcse,768,1670103792,5500
22,0.6391340643167496,0.7126917839050293,0.8341404358353511,512,0.0005,25,1024,1,simcse,768,1670103792,5500
23,0.6377579718828201,0.7077836394309998,0.8401937046004843,512,0.0005,25,1024,1,simcse,768,1670103792,5500
24,0.6366035342216492,0.7116090059280396,0.8341404358353511,512,0.0005,25,1024,1,simcse,768,1670103792,5500
0,1.0876405000686646,1.0616151094436646,0.49128205128205127,512,0.0005,25,1024,1,simcse,768,1670103832,6500
1,1.0326455593109132,0.9866786599159241,0.49128205128205127,512,0.0005,25,1024,1,simcse,768,1670103832,6500
2,0.9693112730979919,0.9372408986091614,0.7025641025641025,512,0.0005,25,1024,1,simcse,768,1670103832,6500
3,0.9086453914642334,0.8560332655906677,0.7466666666666667,512,0.0005,25,1024,1,simcse,768,1670103832,6500
4,0.8155026435852051,0.7696571946144104,0.798974358974359,512,0.0005,25,1024,1,simcse,768,1670103832,6500
5,0.7435766935348511,0.7469708323478699,0.798974358974359,512,0.0005,25,1024,1,simcse,768,1670103832,6500
6,0.727780032157898,0.72226881980896,0.8235897435897436,512,0.0005,25,1024,1,simcse,768,1670103832,6500
7,0.7092157483100892,0.713708758354187,0.8307692307692308,512,0.0005,25,1024,1,simcse,768,1670103832,6500
8,0.6966731905937195,0.7056410908699036,0.8451282051282051,512,0.0005,25,1024,1,simcse,768,1670103832,6500
9,0.6901799082756043,0.7044150233268738,0.8471794871794872,512,0.0005,25,1024,1,simcse,768,1670103832,6500
10,0.6789781808853149,0.7001610994338989,0.8471794871794872,512,0.0005,25,1024,1,simcse,768,1670103832,6500
11,0.6737623333930969,0.7030553221702576,0.8492307692307692,512,0.0005,25,1024,1,simcse,768,1670103832,6500
12,0.6665094494819641,0.7085928320884705,0.8369230769230769,512,0.0005,25,1024,1,simcse,768,1670103832,6500
13,0.6687325596809387,0.714397132396698,0.8358974358974359,512,0.0005,25,1024,1,simcse,768,1670103832,6500
14,0.6631477117538452,0.7009226083755493,0.8502564102564103,512,0.0005,25,1024,1,simcse,768,1670103832,6500
15,0.6620661377906799,0.7007773518562317,0.8471794871794872,512,0.0005,25,1024,1,simcse,768,1670103832,6500
16,0.6562183260917663,0.6977652907371521,0.8523076923076923,512,0.0005,25,1024,1,simcse,768,1670103832,6500
17,0.6505027532577514,0.7043510675430298,0.8441025641025641,512,0.0005,25,1024,1,simcse,768,1670103832,6500
18,0.646741247177124,0.696569561958313,0.8523076923076923,512,0.0005,25,1024,1,simcse,768,1670103832,6500
19,0.645072090625763,0.6997746229171753,0.8471794871794872,512,0.0005,25,1024,1,simcse,768,1670103832,6500
20,0.6463850378990174,0.6976184248924255,0.8512820512820513,512,0.0005,25,1024,1,simcse,768,1670103832,6500
21,0.6393141627311707,0.6971332430839539,0.8502564102564103,512,0.0005,25,1024,1,simcse,768,1670103832,6500
22,0.6408194899559021,0.6954549551010132,0.8543589743589743,512,0.0005,25,1024,1,simcse,768,1670103832,6500
23,0.6392591595649719,0.6961425542831421,0.8533333333333334,512,0.0005,25,1024,1,simcse,768,1670103832,6500
24,0.641784954071045,0.6951794624328613,0.8553846153846154,512,0.0005,25,1024,1,simcse,768,1670103832,6500
0,1.083561857541402,1.0472278594970703,0.49535407642326734,512,0.0005,25,1024,1,simcse,768,1670103876,7500
1,1.0176870723565419,0.9530232846736908,0.49535407642326734,512,0.0005,25,1024,1,simcse,768,1670103876,7500
2,0.9422467549641927,0.8975458741188049,0.6938379873143564,512,0.0005,25,1024,1,simcse,768,1670103876,7500
3,0.8585456212361654,0.835460364818573,0.7422455136138614,512,0.0005,25,1024,1,simcse,768,1670103876,7500
4,0.772920032342275,0.7647813856601715,0.7755840037128713,512,0.0005,25,1024,1,simcse,768,1670103876,7500
5,0.7282024125258127,0.7696279585361481,0.7697923112623762,512,0.0005,25,1024,1,simcse,768,1670103876,7500
6,0.7182661791642507,0.758613258600235,0.7804668162128713,512,0.0005,25,1024,1,simcse,768,1670103876,7500
7,0.6999984582265218,0.7473403215408325,0.7976920250618812,512,0.0005,25,1024,1,simcse,768,1670103876,7500
8,0.6861996054649353,0.7457731664180756,0.8011776763613861,512,0.0005,25,1024,1,simcse,768,1670103876,7500
9,0.6870496074358622,0.7413071095943451,0.8096138227103961,512,0.0005,25,1024,1,simcse,768,1670103876,7500
10,0.6739991108576456,0.7420307695865631,0.8026425201113861,512,0.0005,25,1024,1,simcse,768,1670103876,7500
11,0.6687063773473104,0.7391602098941803,0.8060604888613861,512,0.0005,25,1024,1,simcse,768,1670103876,7500
12,0.6634874244530996,0.7367612719535828,0.8125435102103961,512,0.0005,25,1024,1,simcse,768,1670103876,7500
13,0.6554941833019257,0.7309304475784302,0.820911974009901,512,0.0005,25,1024,1,simcse,768,1670103876,7500
14,0.6512084801991781,0.7387007772922516,0.8002011138613861,512,0.0005,25,1024,1,simcse,768,1670103876,7500
15,0.6515564123789469,0.7390698790550232,0.8075253326113861,512,0.0005,25,1024,1,simcse,768,1670103876,7500
16,0.6534849603970846,0.7353965938091278,0.8110109839108911,512,0.0005,25,1024,1,simcse,768,1670103876,7500
17,0.6498185892899832,0.7346407175064087,0.8149849164603961,512,0.0005,25,1024,1,simcse,768,1670103876,7500
18,0.6400067905584971,0.7316653728485107,0.8114992651608911,512,0.0005,25,1024,1,simcse,768,1670103876,7500
19,0.648014634847641,0.7323965430259705,0.8120552289603961,512,0.0005,25,1024,1,simcse,768,1670103876,7500
20,0.6448823908964793,0.7360610663890839,0.8089901763613861,512,0.0005,25,1024,1,simcse,768,1670103876,7500
21,0.636394590139389,0.729066401720047,0.823909344059406,512,0.0005,25,1024,1,simcse,768,1670103876,7500
22,0.63679638504982,0.7282612919807434,0.8163820776608911,512,0.0005,25,1024,1,simcse,768,1670103876,7500
23,0.6366377174854279,0.7229501903057098,0.821888536509901,512,0.0005,25,1024,1,simcse,768,1670103876,7500
24,0.6396082043647766,0.7255584895610809,0.824329942759901,512,0.0005,25,1024,1,simcse,768,1670103876,7500
0,1.0901023348172505,1.062086284160614,0.48011664280378485,512,0.0005,25,1024,1,simcse,768,1670103923,8500
1,1.0234169165293376,0.95979243516922,0.48011664280378485,512,0.0005,25,1024,1,simcse,768,1670103923,8500
2,0.9268461167812347,0.8601427972316742,0.7171976157868526,512,0.0005,25,1024,1,simcse,768,1670103923,8500
3,0.8032526175181071,0.7578621208667755,0.783699187624502,512,0.0005,25,1024,1,simcse,768,1670103923,8500
4,0.7353003621101379,0.7288307845592499,0.8152215357320718,512,0.0005,25,1024,1,simcse,768,1670103923,8500
5,0.7146336038907369,0.7142706513404846,0.8285218500996017,512,0.0005,25,1024,1,simcse,768,1670103923,8500
6,0.7052070299784342,0.7103452384471893,0.8315293513446216,512,0.0005,25,1024,1,simcse,768,1670103923,8500
7,0.6943914989630381,0.7052874267101288,0.8394585719621515,512,0.0005,25,1024,1,simcse,768,1670103923,8500
8,0.6871702273686727,0.7048335671424866,0.8409623225846614,512,0.0005,25,1024,1,simcse,768,1670103923,8500
9,0.6817117035388947,0.7013518214225769,0.8468995113296813,512,0.0005,25,1024,1,simcse,768,1670103923,8500
10,0.6759194135665894,0.7037632465362549,0.8462945094621515,512,0.0005,25,1024,1,simcse,768,1670103923,8500
11,0.6823933819929758,0.6938302218914032,0.8537743557021913,512,0.0005,25,1024,1,simcse,768,1670103923,8500
12,0.6748046378294627,0.692289412021637,0.8557663875747012,512,0.0005,25,1024,1,simcse,768,1670103923,8500
13,0.6674827635288239,0.696237176656723,0.8562935756972112,512,0.0005,25,1024,1,simcse,768,1670103923,8500
14,0.6650606393814087,0.6862289905548096,0.8630906063247012,512,0.0005,25,1024,1,simcse,768,1670103923,8500
15,0.6620109975337982,0.688188225030899,0.8636567013197212,512,0.0005,25,1024,1,simcse,768,1670103923,8500
16,0.6572202841440836,0.6869434416294098,0.8611763881972112,512,0.0005,25,1024,1,simcse,768,1670103923,8500
17,0.6552888651688894,0.6858799159526825,0.8641838894422311,512,0.0005,25,1024,1,simcse,768,1670103923,8500
18,0.6521642804145813,0.6865701079368591,0.8611763881972112,512,0.0005,25,1024,1,simcse,768,1670103923,8500
19,0.6499718924363455,0.687468945980072,0.8596726375747012,512,0.0005,25,1024,1,simcse,768,1670103923,8500
20,0.6504983703295389,0.6857585310935974,0.8656098263197212,512,0.0005,25,1024,1,simcse,768,1670103923,8500
21,0.6457002758979797,0.6872228980064392,0.8610985744521913,512,0.0005,25,1024,1,simcse,768,1670103923,8500
22,0.6442667742570242,0.6819779574871063,0.8680123256972112,512,0.0005,25,1024,1,simcse,768,1670103923,8500
23,0.6427292227745056,0.6917481124401093,0.8557274807021913,512,0.0005,25,1024,1,simcse,768,1670103923,8500
24,0.6413885354995728,0.6839215159416199,0.8635788875747012,512,0.0005,25,1024,1,simcse,768,1670103923,8500
0,1.082985418183463,1.0374966859817505,0.46114206670822944,512,0.0005,25,1024,1,simcse,768,1670103979,9500
1,0.9992459331239972,0.9528799653053284,0.651172362063591,512,0.0005,25,1024,1,simcse,768,1670103979,9500
2,0.9008173857416425,0.8276324272155762,0.7716304940773067,512,0.0005,25,1024,1,simcse,768,1670103979,9500
3,0.766462538923536,0.7408528327941895,0.8122455092736908,512,0.0005,25,1024,1,simcse,768,1670103979,9500
4,0.7218332120350429,0.7267638146877289,0.8215752123597257,512,0.0005,25,1024,1,simcse,768,1670103979,9500
5,0.7090803895677839,0.7152051627635956,0.8351862044108479,512,0.0005,25,1024,1,simcse,768,1670103979,9500
6,0.7016885110310146,0.7108315229415894,0.8358924466178304,512,0.0005,25,1024,1,simcse,768,1670103979,9500
7,0.6889973282814026,0.7127965986728668,0.8362674855829177,512,0.0005,25,1024,1,simcse,768,1670103979,9500
8,0.6829173479761396,0.7129068970680237,0.8338869622817955,512,0.0005,25,1024,1,simcse,768,1670103979,9500
9,0.6734020369393485,0.7056504189968109,0.8443503058759352,512,0.0005,25,1024,1,simcse,768,1670103979,9500
10,0.6692519017628261,0.7019769251346588,0.8437573059538653,512,0.0005,25,1024,1,simcse,768,1670103979,9500
11,0.6602306110518319,0.6969062387943268,0.8514565636689526,512,0.0005,25,1024,1,simcse,768,1670103979,9500
12,0.6590144889695304,0.6988564431667328,0.8499917199189526,512,0.0005,25,1024,1,simcse,768,1670103979,9500
13,0.652695758002145,0.6924549043178558,0.8569323760910225,512,0.0005,25,1024,1,simcse,768,1670103979,9500
14,0.6489951525415693,0.6933498680591583,0.85319172771197,512,0.0005,25,1024,1,simcse,768,1670103979,9500
15,0.6480019858905247,0.6916989982128143,0.8588855010910225,512,0.0005,25,1024,1,simcse,768,1670103979,9500
16,0.642422250338963,0.6914328336715698,0.8566620557980049,512,0.0005,25,1024,1,simcse,768,1670103979,9500
17,0.6394143870898655,0.6921921074390411,0.8581792588840399,512,0.0005,25,1024,1,simcse,768,1670103979,9500
18,0.6388658029692513,0.6911132633686066,0.8588855010910225,512,0.0005,25,1024,1,simcse,768,1670103979,9500
19,0.6363302384104047,0.6920956075191498,0.8564440948410225,512,0.0005,25,1024,1,simcse,768,1670103979,9500
20,0.635363255228315,0.6935363709926605,0.8544386105049875,512,0.0005,25,1024,1,simcse,768,1670103979,9500
21,0.6343276926449367,0.6899688243865967,0.8596441026340399,512,0.0005,25,1024,1,simcse,768,1670103979,9500
22,0.632752810205732,0.6882705688476562,0.8628964697630923,512,0.0005,25,1024,1,simcse,768,1670103979,9500
23,0.6302059973989215,0.6874273121356964,0.8604027041770573,512,0.0005,25,1024,1,simcse,768,1670103979,9500
24,0.6294189776693072,0.6902047395706177,0.8599144229270573,512,0.0005,25,1024,1,simcse,768,1670103979,9500
